id_pod,gasday,nomvol_kwh,nomvol_sorsz,nommax_kwh,nommax_sorsz
10130101,2026-08-17,673,3,33,1
10390101,2026-08-17,352,3,120,1
10400104,2026-08-17,3521,3,234,1
10400202,2026-08-17,2,3,2,1
10410103,2026-08-17,0,3,0,1
10420103,2026-08-17,210,3,36,1
10430201,2026-08-17,0,3,0,1
10440101,2026-08-17,0,3,0,1
10450101,2026-08-17,0,3,0,1
10461502,2026-08-17,0,3,0,1
10470101,2026-08-17,0,3,0,1
10480101,2026-08-17,0,3,0,1
10490102,2026-08-17,0,3,0,1
10500102,2026-08-17,0,3,0,1
10510101,2026-08-17,0,3,0,1
10520101,2026-08-17,3,3,0,1
10530103,2026-08-17,0,3,0,1
10530201,2026-08-17,2200,3,159,1
10540202,2026-08-17,45,3,12,1
10590101,2026-08-17,0,3,0,1
10620101,2026-08-17,0,3,0,1
10700103,2026-08-17,0,3,0,1
10730202,2026-08-17,9,3,6,1
11100101,2026-08-17,2,3,3,1
11100201,2026-08-17,0,3,3,1
11330101,2026-08-17,0,3,0,1
11540101,2026-08-17,2753,3,86,1
11560101,2026-08-17,23,3,3,1
11580101,2026-08-17,94,3,35,1
11580201,2026-08-17,0,3,0,1
11590101,2026-08-17,43,3,14,1
11650101,2026-08-17,0,3,0,1
11650201,2026-08-17,0,3,0,1
11650301,2026-08-17,0,3,0,1
11660101,2026-08-17,0,3,0,1
11690101,2026-08-17,4,3,3,1
11790301,2026-08-17,0,3,0,1
11880101,2026-08-17,0,3,0,1
11920101,2026-08-17,0,3,120,1
12090101,2026-08-17,0,3,0,1
12660101,2026-08-17,2000,3,398,1
12660201,2026-08-17,40,3,399,1
12700101,2026-08-17,0,3,0,1
12790101,2026-08-17,65,3,15,1
12960101,2026-08-17,330,3,2,1
12990101,2026-08-17,79,3,13,1
13000101,2026-08-17,4,3,3,1
13010101,2026-08-17,0,3,0,1
13020101,2026-08-17,0,3,0,1
13030101,2026-08-17,0,3,0,1
13040101,2026-08-17,8,3,9,1
13050101,2026-08-17,0,3,0,1
13060101,2026-08-17,6,3,2,1
13070101,2026-08-17,0,3,0,1
13070102,2026-08-17,0,3,0,1
13080101,2026-08-17,0,3,0,1
13100101,2026-08-17,0,3,0,1
13100201,2026-08-17,0,3,0,1
13110101,2026-08-17,1063,3,120,1
13110301,2026-08-17,0,3,0,1
13120101,2026-08-17,0,3,0,1
13130101,2026-08-17,0,3,0,1
13140101,2026-08-17,0,3,0,1
13150101,2026-08-17,0,3,0,1
13160101,2026-08-17,0,3,0,1
13170101,2026-08-17,0,3,0,1
13180101,2026-08-17,2,3,2,1
13190101,2026-08-17,0,3,0,1
13210102,2026-08-17,0,3,0,1
13240101,2026-08-17,3,3,1,1
13250401,2026-08-17,0,3,1,1
13260301,2026-08-17,0,3,0,1
13270101,2026-08-17,0,3,0,1
13280101,2026-08-17,0,3,0,1
13290101,2026-08-17,0,3,0,1
13300101,2026-08-17,0,3,0,1
13310101,2026-08-17,0,3,0,1
13320101,2026-08-17,0,3,0,1
13330201,2026-08-17,0,3,0,1
13340101,2026-08-17,357,3,51,1
13340201,2026-08-17,34,3,13,1
13360101,2026-08-17,0,3,0,1
13370101,2026-08-17,0,3,0,1
13380101,2026-08-17,4,3,5,1
13380201,2026-08-17,0,3,0,1
13380202,2026-08-17,0,3,0,1
13400101,2026-08-17,0,3,0,1
13410101,2026-08-17,0,3,0,1
13420101,2026-08-17,1,3,2,1
13420102,2026-08-17,0,3,0,1
13430101,2026-08-17,21,3,2,1
13440201,2026-08-17,0,3,1,1
13450201,2026-08-17,3,3,1,1
13450401,2026-08-17,0,3,0,1
13460101,2026-08-17,0,3,221,1
13470101,2026-08-17,12,3,3,1
13480101,2026-08-17,0,3,0,1
13490101,2026-08-17,450,3,46,1
13500201,2026-08-17,0,3,0,1
13510101,2026-08-17,0,3,0,1
13520101,2026-08-17,0,3,0,1
13520201,2026-08-17,29,3,11,1
13540101,2026-08-17,0,3,0,1
13550101,2026-08-17,0,3,0,1
13560101,2026-08-17,0,3,0,1
13570201,2026-08-17,0,3,0,1
13570301,2026-08-17,5,3,6,1
13580101,2026-08-17,2,3,1,1
13590101,2026-08-17,0,3,0,1
13600101,2026-08-17,0,3,0,1
13610101,2026-08-17,0,3,0,1
13620101,2026-08-17,1800,3,226,1
13620401,2026-08-17,0,3,0,1
13670101,2026-08-17,28,3,11,1
13690101,2026-08-17,272,3,69,1
13830101,2026-08-17,0,3,0,1
13870801,2026-08-17,0,3,0,1
13870901,2026-08-17,0,3,0,1
13880501,2026-08-17,0,3,0,1
13900801,2026-08-17,50,3,21,1
13901401,2026-08-17,41,3,20,1
13901501,2026-08-17,0,3,0,1
13901601,2026-08-17,106,3,14,1
13901701,2026-08-17,9360,3,604,1
13920901,2026-08-17,991,3,105,1
13921001,2026-08-17,262,3,25,1
13970101,2026-08-17,0,3,0,1
14000101,2026-08-17,0,3,0,1
14040101,2026-08-17,917,3,85,1
14140101,2026-08-17,0,3,0,1
14210101,2026-08-17,0,3,0,1
14520101,2026-08-17,0,3,0,1
14550101,2026-08-17,65,3,11,1
14560101,2026-08-17,0,3,0,1
14570101,2026-08-17,0,3,0,1
14900101,2026-08-17,7,3,3,1
14900201,2026-08-17,32,3,11,1
14900301,2026-08-17,4,3,3,1
15210101,2026-08-17,0,3,0,1
15220101,2026-08-17,0,3,0,1
15230101,2026-08-17,0,3,0,1
15240101,2026-08-17,50,3,21,1
15430102,2026-08-17,0,3,3,1
15880101,2026-08-17,0,3,0,1
15930101,2026-08-17,56,3,41,1
15970101,2026-08-17,0,3,0,1
15970201,2026-08-17,8,3,5,1
16020101,2026-08-17,0,3,0,1
16020201,2026-08-17,0,3,0,1
16030101,2026-08-17,0,3,0,1
16050101,2026-08-17,2513,3,241,1
16070101,2026-08-17,89,3,13,1
16080101,2026-08-17,0,3,0,1
16090101,2026-08-17,0,3,0,1
16100101,2026-08-17,0,3,0,1
16120101,2026-08-17,213,3,40,1
16130101,2026-08-17,6000,3,41,1
16160101,2026-08-17,649,3,56,1
16170101,2026-08-17,1824,3,196,1
16190101,2026-08-17,132,3,12,1
16290101,2026-08-17,0,3,0,1
16420101,2026-08-17,633,3,70,1
16430101,2026-08-17,130,3,135,1
16440501,2026-08-17,534,3,60,1
16450101,2026-08-17,0,3,0,1
16480101,2026-08-17,0,3,0,1
16490101,2026-08-17,14,3,196,1
16520101,2026-08-17,1,3,2,1
16530101,2026-08-17,0,3,0,1
16530301,2026-08-17,12,3,5,1
16560101,2026-08-17,955,3,120,1
16640101,2026-08-17,376,3,92,1
16650101,2026-08-17,0,3,0,1
16680101,2026-08-17,19,3,21,1
16710101,2026-08-17,0,3,1,1
16760101,2026-08-17,0,3,13,1
16810101,2026-08-17,0,3,2,1
16810201,2026-08-17,189,3,72,1
16990101,2026-08-17,0,3,0,1
17000101,2026-08-17,535,3,39,1
17160101,2026-08-17,0,3,0,1
17380101,2026-08-17,0,3,0,1
17380201,2026-08-17,360,3,57,1
17520101,2026-08-17,81,3,16,1
17620201,2026-08-17,0,3,0,1
17660101,2026-08-17,0,3,0,1
17710101,2026-08-17,2137,3,236,1
17720101,2026-08-17,355,3,85,1
17750301,2026-08-17,259,3,70,1
18080101,2026-08-17,41,3,27,1
18200101,2026-08-17,196,3,29,1
18290101,2026-08-17,45000,3,3900,1
18350101,2026-08-17,0,3,0,1
18560501,2026-08-17,2,3,2,1
18560601,2026-08-17,29,3,12,1
18570201,2026-08-17,29,3,3,1
18570301,2026-08-17,0,3,0,1
18580101,2026-08-17,0,3,0,1
18590103,2026-08-17,138,3,14,1
18632301,2026-08-17,0,3,0,1
18640101,2026-08-17,657,3,87,1
18640201,2026-08-17,967,3,175,1
18680101,2026-08-17,1,3,2,1
18690101,2026-08-17,0,3,0,1
18730101,2026-08-17,0,3,0,1
18800101,2026-08-17,0,3,0,1
18840101,2026-08-17,23700,3,2503,1
18890101,2026-08-17,3225,3,230,1
18890201,2026-08-17,202,3,30,1
18900101,2026-08-17,3362,3,193,1
18920101,2026-08-17,4,3,2,1
19020101,2026-08-17,3,3,1,1
19030101,2026-08-17,342,3,112,1
19030201,2026-08-17,222,3,32,1
19050101,2026-08-17,164,3,35,1
19070101,2026-08-17,1300,3,150,1
19150101,2026-08-17,253,3,47,1
19170101,2026-08-17,0,3,0,1
19170201,2026-08-17,0,3,0,1
19170301,2026-08-17,0,3,0,1
19170401,2026-08-17,0,3,1,1
19170501,2026-08-17,0,3,0,1
19170601,2026-08-17,3,3,1,1
19170701,2026-08-17,0,3,0,1
19170801,2026-08-17,0,3,0,1
19180101,2026-08-17,0,3,0,1
19220101,2026-08-17,0,3,0,1
19240101,2026-08-17,0,3,0,1
19430101,2026-08-17,26500,3,4000,1
19430201,2026-08-17,10000,3,1286,1
19430301,2026-08-17,16000,3,2040,1
19520101,2026-08-17,0,3,0,1
19530101,2026-08-17,0,3,0,1
19530201,2026-08-17,0,3,0,1
19530301,2026-08-17,0,3,0,1
19530401,2026-08-17,0,3,0,1
19810101,2026-08-17,531,3,77,1
19810401,2026-08-17,11,3,3,1
19810501,2026-08-17,47,3,13,1
19810701,2026-08-17,227,3,16,1
19810901,2026-08-17,156,3,38,1
19811201,2026-08-17,655,3,61,1
19890101,2026-08-17,2100,3,235,1
19900101,2026-08-17,635,3,114,1
19930101,2026-08-17,1125,3,206,1
19940101,2026-08-17,1566,3,209,1
19950101,2026-08-17,1311,3,125,1
20000101,2026-08-17,13,3,118,1
20010101,2026-08-17,2575,3,233,1
20020101,2026-08-17,926,3,162,1
20030101,2026-08-17,85,3,42,1
20040101,2026-08-17,1683,3,135,1
20050101,2026-08-17,3043,3,255,1
20060101,2026-08-17,1151,3,112,1
20080101,2026-08-17,1149,3,184,1
20090201,2026-08-17,2403,3,275,1
20100101,2026-08-17,1549,3,224,1
20120201,2026-08-17,598,3,112,1
20140101,2026-08-17,1636,3,175,1
20150101,2026-08-17,1550,3,206,1
20180101,2026-08-17,53,3,8,1
20190101,2026-08-17,356,3,79,1
20200101,2026-08-17,0,3,0,1
20210101,2026-08-17,1540,3,199,1
20230101,2026-08-17,1209,3,187,1
20250101,2026-08-17,1273,3,146,1
20270101,2026-08-17,2000,3,201,1
20270201,2026-08-17,3562,3,319,1
20290101,2026-08-17,1169,3,106,1
20310101,2026-08-17,1437,3,169,1
20320101,2026-08-17,398,3,95,1
20330101,2026-08-17,1111,3,105,1
20340101,2026-08-17,833,3,178,1
20350101,2026-08-17,1575,3,246,1
20360101,2026-08-17,1521,3,336,1
20380101,2026-08-17,756,3,84,1
20400101,2026-08-17,729,3,119,1
20420101,2026-08-17,826,3,145,1
20430101,2026-08-17,1762,3,159,1
20440101,2026-08-17,4056,3,355,1
20470101,2026-08-17,3686,3,247,1
20710101,2026-08-17,72,3,15,1
21070501,2026-08-17,3870,3,497,1
21300201,2026-08-17,68,3,25,1
21310101,2026-08-17,0,3,0,1
21410201,2026-08-17,780,3,82,1
22020101,2026-08-17,191,3,19,1
22120201,2026-08-17,135,3,28,1
22130101,2026-08-17,0,3,0,1
22140201,2026-08-17,0,3,0,1
22160501,2026-08-17,180,3,60,1
22160601,2026-08-17,163,3,17,1
22160701,2026-08-17,0,3,0,1
22170105,2026-08-17,95,3,10,1
22200401,2026-08-17,57,3,32,1
22210301,2026-08-17,0,3,0,1
22290201,2026-08-17,0,3,0,1
22350301,2026-08-17,0,3,0,1
22350401,2026-08-17,109,3,18,1
22370201,2026-08-17,190,3,15,1
22401201,2026-08-17,56,3,11,1
22405302,2026-08-17,8,3,0,1
22411902,2026-08-17,1941,3,150,1
22413902,2026-08-17,0,3,0,1
22419701,2026-08-17,222,3,34,1
22419801,2026-08-17,269,3,24,1
22419901,2026-08-17,211,3,22,1
22420001,2026-08-17,550,3,98,1
22430202,2026-08-17,101,3,17,1
22430601,2026-08-17,0,3,0,1
22490201,2026-08-17,288,3,47,1
22510201,2026-08-17,88,3,24,1
22530201,2026-08-17,9,3,0,1
22530301,2026-08-17,0,3,0,1
22580201,2026-08-17,0,3,0,1
22580301,2026-08-17,0,3,1,1
22590301,2026-08-17,149,3,54,1
22590601,2026-08-17,0,3,0,1
22600401,2026-08-17,30,3,0,1
22633201,2026-08-17,296,3,73,1
22634601,2026-08-17,130,3,25,1
22634701,2026-08-17,202,3,30,1
22634801,2026-08-17,166,3,32,1
22634901,2026-08-17,14,3,0,1
22635001,2026-08-17,412,3,72,1
22635101,2026-08-17,500,3,91,1
22635201,2026-08-17,214,3,35,1
22635301,2026-08-17,437,3,64,1
22635401,2026-08-17,707,3,70,1
22635501,2026-08-17,684,3,103,1
22635601,2026-08-17,43,3,9,1
22635701,2026-08-17,468,3,78,1
22640201,2026-08-17,218,3,22,1
22750201,2026-08-17,49,3,5,1
22910401,2026-08-17,267,3,24,1
22972201,2026-08-17,3,3,2,1
23240101,2026-08-17,0,3,0,1
23250101,2026-08-17,0,3,0,1
23250102,2026-08-17,0,3,0,1
23250103,2026-08-17,0,3,0,1
23250104,2026-08-17,0,3,0,1
23260101,2026-08-17,37,3,16,1
23610101,2026-08-17,3189,3,330,1
23630201,2026-08-17,0,3,0,1
23660101,2026-08-17,1207,3,81,1
23670101,2026-08-17,0,3,0,1
23670102,2026-08-17,112,3,30,1
23670103,2026-08-17,142,3,21,1
23680101,2026-08-17,0,3,0,1
23680201,2026-08-17,0,3,0,1
23690101,2026-08-17,95,3,23,1
23710101,2026-08-17,0,3,0,1
23720101,2026-08-17,0,3,172,1
23720201,2026-08-17,0,3,0,1
23720301,2026-08-17,41,3,12,1
23720401,2026-08-17,0,3,0,1
23750101,2026-08-17,238,3,44,1
23750201,2026-08-17,150,3,118,1
23760101,2026-08-17,660,3,150,1
23760201,2026-08-17,0,3,0,1
23770101,2026-08-17,0,3,0,1
23780101,2026-08-17,74,3,16,1
23780201,2026-08-17,0,3,0,1
23780301,2026-08-17,0,3,0,1
23780401,2026-08-17,0,3,0,1
23790101,2026-08-17,0,3,1,1
23790201,2026-08-17,6,3,3,1
23800101,2026-08-17,0,3,0,1
23800201,2026-08-17,17,3,6,1
23810301,2026-08-17,6,3,14,1
23814201,2026-08-17,9,3,11,1
23840101,2026-08-17,0,3,0,1
23850101,2026-08-17,0,3,0,1
23860101,2026-08-17,0,3,115,1
23870101,2026-08-17,0,3,0,1
23880101,2026-08-17,0,3,0,1
23890101,2026-08-17,274,3,301,1
23910101,2026-08-17,1786,3,142,1
23930101,2026-08-17,0,3,0,1
23940101,2026-08-17,34,3,10,1
23940201,2026-08-17,0,3,0,1
23940301,2026-08-17,0,3,0,1
23990101,2026-08-17,0,3,0,1
24020201,2026-08-17,0,3,0,1
24030201,2026-08-17,44,3,240,1
24090201,2026-08-17,0,3,1,1
24180101,2026-08-17,70,3,1,1
24310101,2026-08-17,0,3,2,1
24380101,2026-08-17,569,3,62,1
24450301,2026-08-17,1100,3,93,1
24600101,2026-08-17,0,3,0,1
24630101,2026-08-17,45116,3,1950,1
24630102,2026-08-17,287,3,42,1
24740101,2026-08-17,147,3,29,1
24740201,2026-08-17,131,3,19,1
24740301,2026-08-17,77,3,26,1
24740401,2026-08-17,480,3,56,1
24740501,2026-08-17,454,3,66,1
24740601,2026-08-17,515,3,79,1
24740701,2026-08-17,510,3,40,1
24740801,2026-08-17,633,3,90,1
24740901,2026-08-17,189,3,89,1
24741001,2026-08-17,427,3,89,1
24741101,2026-08-17,419,3,56,1
24741201,2026-08-17,566,3,90,1
24741301,2026-08-17,833,3,153,1
24741401,2026-08-17,400,3,48,1
24741501,2026-08-17,586,3,93,1
24741601,2026-08-17,1448,3,180,1
24741701,2026-08-17,920,3,104,1
24741801,2026-08-17,152,3,30,1
24741901,2026-08-17,151,3,34,1
24742001,2026-08-17,517,3,53,1
24742101,2026-08-17,1143,3,164,1
24742201,2026-08-17,1015,3,135,1
24920201,2026-08-17,8,3,54,1
25130101,2026-08-17,1870,3,191,1
25480201,2026-08-17,0,3,0,1
25630101,2026-08-17,54,3,11,1
26100101,2026-08-17,4,3,4,1
26110101,2026-08-17,614,3,161,1
26130101,2026-08-17,6,3,1,1
26140101,2026-08-17,1316,3,128,1
26180101,2026-08-17,4071,3,329,1
26190101,2026-08-17,328,3,111,1
26210101,2026-08-17,903,3,213,1
26230101,2026-08-17,1893,3,138,1
26240101,2026-08-17,7,3,10,1
26260101,2026-08-17,83,3,13,1
26290101,2026-08-17,1100,3,179,1
26290102,2026-08-17,1249,3,225,1
26310101,2026-08-17,385,3,114,1
26320101,2026-08-17,616,3,138,1
26340101,2026-08-17,1010,3,124,1
26370101,2026-08-17,2764,3,321,1
26390101,2026-08-17,1232,3,124,1
26400101,2026-08-17,258,3,41,1
26410101,2026-08-17,42,3,28,1
26420101,2026-08-17,235,3,55,1
26430101,2026-08-17,3083,3,355,1
26430301,2026-08-17,842,3,90,1
26460101,2026-08-17,913,3,154,1
26480101,2026-08-17,1141,3,105,1
26490101,2026-08-17,1264,3,163,1
26500101,2026-08-17,853,3,145,1
26510101,2026-08-17,200,3,77,1
26530101,2026-08-17,1536,3,206,1
26550101,2026-08-17,3164,3,383,1
26570101,2026-08-17,1522,3,148,1
26590101,2026-08-17,4010,3,322,1
26600101,2026-08-17,1423,3,203,1
26630101,2026-08-17,1727,3,204,1
26630201,2026-08-17,1556,3,328,1
26640101,2026-08-17,1557,3,238,1
26650101,2026-08-17,776,3,117,1
26680101,2026-08-17,309,3,42,1
26690101,2026-08-17,2048,3,180,1
26700101,2026-08-17,513,3,82,1
26730101,2026-08-17,686,3,164,1
26740101,2026-08-17,99,3,45,1
26750101,2026-08-17,1308,3,288,1
26770101,2026-08-17,1577,3,166,1
26780101,2026-08-17,1745,3,346,1
26810101,2026-08-17,1,3,0,1
26810401,2026-08-17,1222,3,181,1
26830101,2026-08-17,2228,3,199,1
26840101,2026-08-17,695,3,87,1
26850101,2026-08-17,1547,3,191,1
26860101,2026-08-17,1347,3,135,1
26870101,2026-08-17,881,3,165,1
26880101,2026-08-17,953,3,97,1
26910101,2026-08-17,831,3,201,1
26950101,2026-08-17,1512,3,212,1
27030101,2026-08-17,1610,3,179,1
27080101,2026-08-17,0,3,1,1
27110101,2026-08-17,1709,3,197,1
27800101,2026-08-17,133,3,12,1
27840101,2026-08-17,0,3,0,1
27880101,2026-08-17,6,3,11,1
28030101,2026-08-17,17,3,0,1
28030201,2026-08-17,0,3,0,1
28030301,2026-08-17,338,3,41,1
28030401,2026-08-17,196,3,75,1
28040101,2026-08-17,89,3,24,1
28060101,2026-08-17,36,3,0,1
28070101,2026-08-17,123,3,30,1
28080101,2026-08-17,0,3,0,1
28090101,2026-08-17,139,3,35,1
28100101,2026-08-17,182,3,18,1
28110101,2026-08-17,401,3,67,1
28110201,2026-08-17,46,3,12,1
28120101,2026-08-17,343,3,136,1
28130101,2026-08-17,145,3,18,1
28140101,2026-08-17,300,3,125,1
28150101,2026-08-17,142,3,30,1
28150201,2026-08-17,219,3,42,1
28150301,2026-08-17,199,3,22,1
28160101,2026-08-17,0,3,0,1
28160201,2026-08-17,6,3,13,1
28170101,2026-08-17,107,3,10,1
28180101,2026-08-17,598,3,72,1
28190101,2026-08-17,0,3,0,1
28200101,2026-08-17,27,3,0,1
28210101,2026-08-17,190,3,34,1
28220101,2026-08-17,376,3,168,1
28230101,2026-08-17,49,3,28,1
28240101,2026-08-17,129,3,47,1
28250101,2026-08-17,77,3,9,1
28260101,2026-08-17,0,3,0,1
28270101,2026-08-17,0,3,0,1
28280101,2026-08-17,154,3,20,1
28290101,2026-08-17,292,3,43,1
28300101,2026-08-17,4,3,2,1
28310101,2026-08-17,85,3,24,1
28320101,2026-08-17,56,3,14,1
28320201,2026-08-17,115,3,30,1
28330101,2026-08-17,0,3,1,1
28330201,2026-08-17,0,3,0,1
28340101,2026-08-17,0,3,0,1
28350101,2026-08-17,110,3,18,1
28360101,2026-08-17,0,3,0,1
28370101,2026-08-17,124,3,41,1
28380101,2026-08-17,247,3,33,1
28390101,2026-08-17,0,3,0,1
28390201,2026-08-17,0,3,0,1
28400101,2026-08-17,381,3,33,1
28410101,2026-08-17,536,3,50,1
28410201,2026-08-17,51,3,13,1
28420101,2026-08-17,367,3,63,1
28430101,2026-08-17,8,3,4,1
28440101,2026-08-17,141,3,30,1
28450101,2026-08-17,177,3,20,1
28460101,2026-08-17,0,3,0,1
28470101,2026-08-17,221,3,39,1
28470201,2026-08-17,352,3,70,1
28480101,2026-08-17,0,3,5,1
28490101,2026-08-17,242,3,22,1
28500101,2026-08-17,185,3,75,1
28510101,2026-08-17,0,3,0,1
28520101,2026-08-17,636,3,62,1
28530101,2026-08-17,0,3,4,1
28540101,2026-08-17,130,3,9,1
28550101,2026-08-17,172,3,57,1
28560101,2026-08-17,0,3,0,1
28570101,2026-08-17,122,3,19,1
28580101,2026-08-17,48,3,29,1
28580201,2026-08-17,0,3,0,1
28720101,2026-08-17,0,3,0,1
28741001,2026-08-17,62,3,25,1
28750401,2026-08-17,60,3,7,1
28751201,2026-08-17,153,3,97,1
28770101,2026-08-17,0,3,0,1
28800101,2026-08-17,0,3,0,1
28860101,2026-08-17,0,3,0,1
28890101,2026-08-17,62,3,8,1
28900101,2026-08-17,64,3,21,1
28910101,2026-08-17,250,3,41,1
28920101,2026-08-17,9,3,74,1
28930101,2026-08-17,120,3,34,1
28930201,2026-08-17,0,3,0,1
29010101,2026-08-17,592,3,86,1
29020101,2026-08-17,596,3,61,1
29030101,2026-08-17,351,3,47,1
29050101,2026-08-17,0,3,0,1
29060101,2026-08-17,57,3,12,1
29070101,2026-08-17,34,3,15,1
29080101,2026-08-17,90,3,139,1
29120101,2026-08-17,0,3,0,1
29180101,2026-08-17,0,3,0,1
29250101,2026-08-17,112,3,65,1
29250201,2026-08-17,0,3,0,1
29290101,2026-08-17,313,3,19,1
29300101,2026-08-17,1669,3,105,1
29310101,2026-08-17,0,3,0,1
29320101,2026-08-17,0,3,0,1
29320201,2026-08-17,0,3,0,1
29330101,2026-08-17,0,3,0,1
29380101,2026-08-17,70,3,20,1
29470101,2026-08-17,0,3,1,1
29470201,2026-08-17,557,3,14,1
29480101,2026-08-17,0,3,0,1
29490101,2026-08-17,228,3,32,1
29510101,2026-08-17,145,3,60,1
29530101,2026-08-17,51,3,15,1
29560401,2026-08-17,5,3,12,1
29561001,2026-08-17,142,3,23,1
29570201,2026-08-17,4,3,4,1
29570501,2026-08-17,0,3,0,1
29570801,2026-08-17,0,3,0,1
29570901,2026-08-17,0,3,0,1
29580101,2026-08-17,79,3,31,1
29600101,2026-08-17,1600,3,363,1
29650101,2026-08-17,0,3,0,1
29650201,2026-08-17,47,3,21,1
29650301,2026-08-17,34,3,19,1
29660101,2026-08-17,3500,3,465,1
29680101,2026-08-17,25,3,9,1
29760101,2026-08-17,217,3,33,1
29970101,2026-08-17,20,3,2,1
30030101,2026-08-17,5,3,0,1
30030401,2026-08-17,104,3,34,1
30100201,2026-08-17,0,3,0,1
30210101,2026-08-17,689,3,123,1
30250101,2026-08-17,0,3,0,1
30300101,2026-08-17,0,3,50,1
30510101,2026-08-17,4,3,2,1
30610101,2026-08-17,15,3,1,1
30700101,2026-08-17,49000,3,3400,1
32160101,2026-08-17,371,3,41,1
32230101,2026-08-17,0,3,0,1
33390101,2026-08-17,533,3,32,1
