id_pod,pod,total_kwh_fogyasztas
10130101,39N060005917000J,704.2656043200001
10390101,39N050225592000Z,868.3996
10400104,39N050075194000S,3706.1233
10400202,39N050836979000I,1.0582
10410103,39N050214638000E,0.0
10420103,39N050214652000W,224.37467032
10430201,39N050833827000F,0.0
10450101,39N050405255000Q,0.0
10461502,39N050217594000I,0.0
10470101,39N050832564000Z,0.0
10480101,39N050214647000D,0.0
10490102,39N050215930000P,0.0
10500102,39N050214674000A,0.0
10510101,39N0502159430004,0.0
10520101,39N050831052000K,1.319088
10530103,39N050216000000O,0.0
10530201,39N050208164000S,1970.5843048
10540202,39N050214655000H,95.58999999999999
10590101,39N050212788000U,0.0
10620101,39N050627784000Z,0.0
10700103,39N050216319000Q,0.0
10730202,39N050215990000Q,9.5405772
11100101,39N110980148000E,1.10344
11100201,39N111253702000E,0.0
11540101,39N060006194000Y,2843.25695748
11580101,39N0502477110003,183.04770000000002
11580201,39N050209187000U,0.0
11590101,39N1105994720001,48.474799999999995
11650101,39N0611670050007,0.0
11650201,39N060008259000A,0.0
11650301,39N061011000000O,0.0
11660101,39N050233872000X,0.0
11690101,39N060907248000D,3.08084706
11790301,39N050607494000V,0.0
11880101,39N110885864000H,0.0
11920101,39N050740233000M,0.0
12090101,39N110139685000N,0.0
12660101,39N060961591000S,0.0
12660201,39N061014839000T,20.65108812
12700101,39N110518798000I,0.0
12790101,39N1126472470000,58.86776
12960101,39N0505779810001,383.08993424
12990101,39N050236245000H,76.1805
13000101,39N050215987000Y,6.155744
13010101,39N050773882000F,0.0
13020101,39N050750873000L,0.0
13030101,39N0502191220008,0.0
13040101,39N050836830000K,8.401624
13050101,39N0502185960000,0.0
13060101,39N050757472000Z,6.460708800000001
13070101,39N050218709000P,0.0
13070102,39N050896796000I,0.0
13080101,39N050756996000D,0.0
13100101,39N0507730720003,0.0
13100201,39N050773615000J,0.0
13110101,39N050076850000F,1323.77946742
13110301,39N050757439000O,0.0
13120101,39N050215938000M,0.0
13130101,39N050890535000A,0.0
13140101,39N050831214000K,0.0
13150101,39N050836149000I,0.0
13160101,39N050215958000A,10.9783
13170101,39N050214941000M,0.0
13180101,39N0502109170005,0.0
13190101,39N050450493000U,0.0
13210102,39N050235781000N,0.0
13240101,39N050764763000U,0.9315771500000001
13250401,39N050776439000E,0.0
13260301,39N050773622000S,0.0
13270101,39N050214912000Z,0.0
13280101,39N050757450000K,609.839269
13290101,39N050218591000P,0.0
13300101,39N050216189000Z,0.0
13310101,39N050219127000K,0.0
13320101,39N050841968000N,0.0
13330201,39N050269363000V,0.0
13340101,39N0502177240009,361.96764035999996
13340201,39N050252043000I,34.67772428
13360101,39N050215996000X,0.0
13370101,39N0508759240008,0.0
13380101,39N0507679070008,3.5941439600000002
13380201,39N0504237770004,0.0
13380202,39N050814444000J,0.0
13410101,39N050754012000C,0.0
13420101,39N0502109620000,1.10732741
13420102,39N050224132000X,0.0
13430101,39N050757415000J,6.916644
13440201,39N0507599930004,0.0
13450201,39N050750365000F,3.2227569999999996
13450401,39N0507569640004,0.0
13460101,39N0508480240000,0.0
13470101,39N050219111000J,12.76784256
13480101,39N050757163000K,0.0
13490101,39N050252204000N,561.5187266500001
13500201,39N050218554000Y,0.0
13510101,39N050214668000X,0.0
13520101,39N050233268000E,0.0
13520201,39N050753876000J,37.16684706
13540101,39N050754015000Y,0.0
13550101,39N0508227020002,0.0
13560101,39N050776462000V,0.0
13570201,39N050218563000X,0.0
13570301,39N0502186000003,10.4490438
13580101,39N050760458000R,1.23072348
13590101,39N0502177250004,0.0
13600101,39N050847541000D,0.0
13610101,39N050896400000C,0.0
13620101,39N050861247000Y,1689.6
13670101,39N110540971000E,23.16279
13690101,39N111042284000S,267.13719
13830101,39N111186304000S,0.0
13870801,39N050879364000V,0.0
13870901,39N0508949570002,0.0
13880501,39N050034459000D,0.0
13900801,39N050882973000Z,52.10328837999999
13901401,39N050033836000K,48.45786622
13901501,39N050042294000Z,0.0
13901601,39N050813036000E,79.95148692
13901701,39N050774244000Q,9434.685704219999
13920901,39N050034412000Z,793.2161450599999
13921001,39N050132558000H,257.8181687
13970101,39N050089342000D,0.0
14000101,39N0505752100002,0.0
14040101,39N0613073350002,988.42732674
14140101,39N112757793000A,0.0
14210101,39N0611124530007,0.0
14520101,39N060959437000N,0.0
14560101,39N050445873000K,0.0
14570101,39N112579187000O,0.0
14900301,39N1126964350002,2.1059200000000002
15210101,39N050052498000T,0.0
15230101,39N050214697000K,0.0
15240101,39N050032468000S,24.229392
15430102,39N0507693140006,0.0
15880101,39N050771852000C,0.0
15930101,39N050073762000U,157.2934
15970101,39N112579746000B,0.0
15970201,39N060909668000V,13.35033726
16020101,39N110921284000C,0.0
16020201,39N110924510000T,0.0
16050101,39N1100768250006,2572.6884400000004
16070101,39N050844930000K,80.88863633999999
16080101,39N050775645000M,0.0
16090101,39N050898846000P,0.0
16100101,39N050053842000G,0.0
16170101,39N110659079000K,1838.881
16190101,39N110638863000Q,151.31562
16290101,39N1126409570001,0.0
16420101,39N050235722000H,561.3494768
16430101,39N112580940000G,0.0
16450101,39N0508813320003,0.0
16480101,39N050777482000B,0.0
16520101,39N0504864890005,1.0622808000000001
16530301,39N050820134000W,6.103247420000001
16560101,39N110072213000M,940.9104
16640101,39N050145410000I,449.39966083999997
16650101,39N061167618000I,0.0
16680101,39N050847787000J,14.8545741
16710101,39N0507742750003,0.0
16810101,39N112602933000G,0.0
16810201,39N110866794000G,191.83238000000003
16990101,39N050851794000U,0.0
17000101,39N0611137880009,530.0696254200001
17160101,39N1127040780004,0.0
17660101,39N061064322000N,0.0
17710101,39N050258835000L,2190.95289295
17720101,39N050106941000P,384.72300024000003
17750301,39N110043086000Z,262.98604000000006
18290101,39N050760709000V,17078.241149999998
18350101,39N110692024000L,0.0
18560501,39N061116064000T,2.05389804
18560601,39N060804167000A,91.7379588
18570201,39N061432774000W,31.858687260000004
18570301,39N060005969000G,0.0
18580101,39N0611165530005,0.0
18590103,39N0614301610000,131.03277228
18632301,39N1108100530002,0.0
18640101,39N1105310450002,703.8016
18640201,39N1105318830006,947.9327800000001
18680101,39N050225361000Z,2.73273164
18730101,39N060905244000C,0.0
18800101,39N112579352000G,0.0
18840101,39N050217344000P,20641.814508
18890101,39N050849323000D,3206.72075
18890201,39N0505387730002,159.61156634
18900101,39N0508490730004,3531.4244958400004
18920101,39N050636182000C,4.3159984
19020101,39N0507705100001,3.2596662000000007
19030101,39N060828512000O,418.182948
19030201,39N0600061150003,215.50065120000002
19070101,39N0500755940000,0.0
19150101,39N050603076000J,265.9329792
19170301,39N050415384000Y,0.0
19170401,39N0500617550009,0.32054370000000004
19170501,39N050764779000V,0.0
19170601,39N050762094000Z,0.0
19170701,39N050762038000E,0.0
19180101,39N112579338000Z,1119.9409038
19220101,39N050222615000B,0.0
19240101,39N050433181000O,0.0
19430101,39N050916593000Z,20801.775349999996
19430201,39N112773421000N,8182.819268000001
19430301,39N112774392000C,16643.1189816
19520101,39N050515515000A,0.0
19530101,39N061128059000M,0.0
19530201,39N060959331000N,0.0
19530301,39N050225228000V,0.0
19530401,39N0504648650006,0.0
19810101,39N060796913000S,505.05585479999996
19810401,39N060813408000J,3.0364270199999996
19810501,39N061030420000B,61.49637252
19810701,39N060972518000O,196.61687417000002
19810901,39N110674803000L,158.96736
19811201,39N112579318000A,703.4199715000001
19890101,39N110485880000S,1619.66805
19900101,39N050377940000D,608.18663618
19930101,39N110211018000G,1144.1770199999999
19940101,39N110961292000H,1458.6619200000002
19950101,39N050673657000W,1287.04358025
20010101,39N050548840000J,2914.1946000000003
20020101,39N111007381000W,913.9046999999999
20030101,39N111224004000Z,74.77892
20040101,39N050708788000F,1412.63106945
20050101,39N0506488920006,3023.49557068
20060101,39N050094490000H,1459.18479278
20080101,39N050816644000Q,1193.1236352
20100101,39N112580820000Z,1485.9289700000002
20120201,39N111185931000S,555.2870399999999
20140101,39N110144607000I,1683.5085000000001
20150101,39N110829152000U,1387.27654
20180101,39N060801582000J,51.40840636000001
20200101,39N112580618000F,0.0
20210101,39N1125806380003,1635.9472799999999
20250101,39N0501618590009,1605.5721297000002
20270101,39N112580633000S,1922.4560999999999
20270201,39N112580632000X,3400.00076
20290101,39N050137387000F,1134.3835422000002
20310101,39N050553661000A,1551.7201599900002
20320101,39N110517722000O,470.6673200000001
20340101,39N112580611000D,819.85592
20350101,39N050576124000C,1587.4954441500001
20380101,39N050414007000M,728.76434872
20400101,39N1106636130009,756.1989000000001
20420101,39N050548215000H,800.55649008
20430101,39N0607556590002,1738.54959984
20440101,39N112667821000J,3914.24272
20470101,39N1125798790008,3533.4995082
20710101,39N110527282000E,69.28047000000001
21070501,39N112580626000J,3741.8893000000003
21300201,39N0608168850008,112.054839
21310101,39N050655561000S,0.0
21410201,39N1109193270008,0.0
22120201,39N112768759000O,256.45975999999996
22140201,39N1108983940001,0.0
22160501,39N0610655730003,178.14974328
22160601,39N111068923000S,140.90368
22160701,39N061061836000N,0.0
22170105,39N061177126000B,102.56692998000001
22200401,39N1102154750009,39.707640000000005
22210301,39N112704780000Q,0.0
22290201,39N110910993000G,0.0
22350301,39N050177032000I,0.0
22350401,39N0501770340008,114.01694064
22370201,39N112579811000A,0.0
22405302,39N112579308000G,0.0
22411902,39N050219144000N,1854.0062389999998
22413902,39N050176728000R,0.0
22419701,39N050483780000G,148.32149868
22419801,39N1111131500008,73.68392
22419901,39N060854045000V,173.65697351999998
22420001,39N110829219000C,460.95866
22430202,39N050044030000F,97.38284555999999
22490201,39N110829497000Y,322.78556
22510201,39N1107169290000,151.24663
22530201,39N110813700000B,0.0
22530301,39N110544630000W,0.0
22580201,39N050066949000F,0.0
22580301,39N050071512000G,0.11109999999999999
22590301,39N050207087000G,153.90311517
22590601,39N050207887000Y,0.0
22600401,39N110727062000K,0.0
22633201,39N110139715000L,283.43773000000004
22634601,39N110605074000B,123.59647999999999
22634701,39N0504550620004,195.832332
22634801,39N050261616000F,286.85746844
22634901,39N110978161000J,0.0
22635001,39N060909163000H,455.17743798
22635101,39N0505226180003,408.31656426
22635201,39N0609041660005,204.4273698
22635301,39N060960379000M,517.97256786
22635401,39N112579293000V,756.24685
22635501,39N110770104000D,727.8216
22635601,39N1101101760001,44.69778999999999
22635701,39N0502320940001,298.578051
22750201,39N0600059220001,127.61348682
22910401,39N050822345000S,281.4537
22972201,39N110713215000P,2.20798
23240101,39N112579422000R,0.0
23250101,39N0614385900006,0.0
23250102,39N0614360320009,0.0
23250103,39N0614360330004,0.0
23250104,39N061436035000V,0.0
23260101,39N112579339000U,42.0356
23610101,39N0502000520004,2634.83915475
23630201,39N050219101000P,0.0
23660101,39N0508179760006,1454.1873440000002
23670101,39N050792697000P,0.0
23670102,39N050316475000U,108.57745402
23670103,39N050793035000V,139.9188315
23680101,39N050029731000D,0.0
23680201,39N050818676000J,0.0
23690101,39N050753398000W,107.05677681999998
23710101,39N050720770000X,0.0
23720101,39N050755929000B,0.0
23720201,39N050875710000B,0.0
23720301,39N0502542550009,89.59102782
23720401,39N0507741940003,0.0
23750101,39N050758923000H,259.04405519999995
23750201,39N050754716000H,192.619112
23760101,39N050754578000M,712.90449076
23760201,39N0500091210005,0.0
23770101,39N050373666000O,0.0
23780101,39N050146207000W,80.59478966
23780201,39N050831732000K,0.0
23780301,39N0505847100003,0.0
23780401,39N050753839000S,0.0
23790101,39N0507772080006,0.0
23790201,39N050759606000R,5.2011568
23800101,39N050251837000U,0.0
23800201,39N0503439790009,17.27511338
23810301,39N050254055000N,28.06420792
23814201,39N050373639000R,10.07393548
23840101,39N112579973000V,0.0
23850101,39N0600064860009,0.0
23860101,39N060005888000G,0.0
23870101,39N0600182680000,0.0
23880101,39N061063215000T,0.0
23910101,39N050217514000T,1811.8097584
23930101,39N050031988000Q,0.0
23940101,39N050369436000H,29.64521178
23940201,39N0507981050002,0.0
23940301,39N0500344350008,0.0
24020201,39N060801557000C,0.0
24030201,39N0610634430007,685.443522
24090201,39N111071595000E,0.0
24180101,39N050253671000Y,57.37275684
24310101,39N050915973000R,0.0
24380101,39N060850045000Q,574.5383159400001
24450301,39N112578978000E,1087.2393028
24630101,39N1127011990004,44369.989785599995
24630102,39N112709528000X,291.65664
24740101,39N061163033000V,149.14980287999998
24740201,39N060850088000O,135.0633621
24740601,39N1108295420008,533.99236
24740701,39N110447391000Z,546.25122
24740901,39N050381165000Y,397.7241512
24741001,39N050553222000K,643.8699119999999
24741101,39N110995194000T,434.56248000000005
24741301,39N050218588000X,1077.9658259999999
24741401,39N110105127000W,409.52788999999996
24741601,39N050214190000G,1531.513063
24741701,39N112578816000U,983.14531
24741801,39N061422451000F,164.63124444
24741901,39N050776264000Z,151.81278409
24742201,39N050168020000Z,983.9780810999999
25630101,39N112622776000A,55.197
26110101,39N050197735000A,583.6328883
26140101,39N050642904000H,1233.31380874
26180101,39N050820458000G,4456.41946783
26190101,39N050765037000W,270.80559999999997
26210101,39N1106633190000,1119.04663
26230101,39N110885587000B,2068.48372
26240101,39N060961173000L,27.72656592
26260101,39N1100335360002,88.67124000000001
26310101,39N050385675000Z,379.78610000000003
26320101,39N060001073000O,649.84720566
26340101,39N050744134000T,1142.4611207
26370101,39N050626352000P,2765.85811606
26390101,39N112580724000M,1218.2747200000001
26400101,39N110056057000F,268.18674
26410101,39N1108292310003,0.0
26420101,39N112580639000Z,242.73260000000002
26430101,39N110187805000S,3079.132
26430301,39N061165614000H,769.36884186
26460101,39N112580725000H,920.0521200000001
26480101,39N1125806290004,1169.8372
26490101,39N110750779000X,1267.71102
26510101,39N050180150000J,272.6898774
26590101,39N060001129000H,4369.45656057
26630101,39N0502510990003,1550.92190533
26630201,39N050081322000F,1365.19371653
26640101,39N050635744000T,1601.9341366800002
26650101,39N0502258590003,739.09489956
26690101,39N0610610180007,2108.6711221799997
26700101,39N110720175000B,455.94786999999997
26730101,39N050552094000R,716.69500175
26750101,39N1125806280009,1239.16312
26770101,39N050484438000J,1567.2805807500001
26780101,39N112580722000W,1673.6423599999998
26810101,39N1125806120008,0.0
26810401,39N110019139000M,1170.05908
26830101,39N1126360450004,2212.3854100000003
26840101,39N0506230230009,759.5690263
26850101,39N050690260000L,1623.3493575599998
26860101,39N0505992060002,1399.9614384000001
26870101,39N110596547000B,895.4565100000001
26880101,39N112580645000C,950.64568
26950101,39N060760989000V,1786.2722451500003
27030101,39N061065010000F,1557.32747046
27080101,39N050848355000U,0.0
27110101,39N1112333320005,1689.47381
27800101,39N050153206000F,32.277671999999995
27880101,39N060909635000R,0.0
28030101,39N1111901310004,0.0
28030201,39N1111908030000,0.0
28030301,39N112579622000D,394.12443
28030401,39N061434278000V,276.50628804
28040101,39N1109755210002,103.72336
28060101,39N060800984000Q,16.429069079999998
28070101,39N110963129000F,144.11834
28080101,39N060735731000S,0.0
28090101,39N060735330000O,209.14541261999997
28100101,39N1100605680008,198.14399999999998
28110101,39N0502362660000,399.92040000000003
28110201,39N050068660000G,48.7388
28120101,39N110223989000T,366.4214
28140101,39N050083908000D,0.0
28150101,39N060852647000W,131.49495222
28150201,39N0610658850003,203.32427213999998
28150301,39N060803151000H,234.41512728
28160101,39N110518299000B,0.0
28160201,39N110428869000P,5.2844
28170101,39N060852035000G,58.53080604
28180101,39N061177520000D,599.4262297800001
28190101,39N110387854000K,0.0
28200101,39N1107206100000,0.0
28210101,39N050777442000Z,160.09204708
28220101,39N1100070610002,461.07598
28230101,39N111128855000X,47.47156999999999
28240101,39N1107391140008,123.64912
28250101,39N110080349000B,81.39285
28260101,39N0600059720008,0.0
28270101,39N1103274170000,0.0
28280101,39N1111995760003,138.56976
28290101,39N110497774000X,300.65178
28300101,39N060851079000H,1.74401538
28310101,39N1104750560007,77.79102
28320101,39N050458746000Y,36.45574272
28320201,39N050485100000G,113.60767968000002
28330101,39N061113689000B,0.0
28330201,39N060006457000M,0.0
28340101,39N050471715000L,0.0
28360101,39N060735799000Q,0.0
28370101,39N110298542000D,131.31293000000002
28380101,39N110072005000W,241.73927000000003
28400101,39N111135812000D,393.0192828
28410101,39N050089206000O,645.40630165
28410201,39N050913091000U,44.43153501
28420101,39N0501191590002,449.59137514
28430101,39N0505384670009,13.281005
28440101,39N110437534000E,167.80648
28450101,39N110121350000C,184.73175
28460101,39N112761515000R,0.0
28470101,39N110131360000Y,239.62347
28470201,39N110003625000X,393.74253
28500101,39N110131051000J,207.1361
28510101,39N110626170000Z,0.0
28520101,39N110146811000C,670.1340700000001
28530101,39N060910399000I,0.0
28540101,39N0610340960009,139.22615442
28550101,39N1125795940005,187.67829999999998
28560101,39N050094459000X,0.0
28580101,39N050208128000W,73.71593081
28580201,39N050208125000A,0.0
28741001,39N1125800400005,66.2406
28750401,39N110400458000Z,65.13659
28751201,39N1102678030009,138.00125
28770101,39N060851838000R,0.0
28800101,39N112579295000L,0.0
28860101,39N061168462000O,0.0
28890101,39N060056860000F,69.91608534
28900101,39N110136985000Q,73.28428000000001
28910101,39N060005816000V,364.53728874
28920101,39N061011943000X,174.6024858
28930101,39N050160341000O,88.28390840000002
28930201,39N0501601470008,0.0
29010101,39N0600061830008,613.94417952
29020101,39N060005935000H,678.1427711399999
29030101,39N060963554000L,370.1881524
29050101,39N0609576930009,0.0
29060101,39N061111992000Z,58.61224278
29070101,39N061442443000U,33.01043544
29080101,39N050755997000G,51.923412799999994
29120101,39N060735761000A,0.0
29180101,39N061164713000N,0.0
29250101,39N111186751000M,0.0
29250201,39N112578908000J,0.0
29290101,39N061114589000A,312.48440519999997
29300101,39N060959695000K,1738.21221906
29310101,39N050073737000N,0.0
29320101,39N060000175000F,0.0
29320201,39N050510259000R,0.0
29330101,39N060781564000X,0.0
29380101,39N0507451030007,84.7331532
29470101,39N1112328160007,0.0
29470201,39N111166318000K,577.33447
29480101,39N061429480000K,0.0
29490101,39N050866001000P,98.748756
29510101,39N1107627130000,148.5763257
29530101,39N0503424040008,77.44682025
29580101,39N1125795600006,94.57936
29600101,39N110942508000U,2318.232
29650101,39N060005807000W,0.0
29650201,39N061033384000C,92.53540428
29650301,39N0609591810007,194.07538524
29660101,39N112580255000Y,3691.1583418
29680101,39N061166511000V,32.86131102
29760101,39N060802666000X,222.0420309
29970101,39N0508788210006,2.3453918799999998
30030101,39N060006119000K,0.0
30030401,39N060957708000V,112.93477884
30100201,39N0610083130009,0.0
30210101,39N110539078000G,634.21925
30250101,39N061426021000T,0.0
30300101,39N050213910000G,0.0
30510101,39N110829217000M,6.600840000000002
30610101,39N061117137000H,15.41904198
30700101,39N112285846000K,45075.6332386
32160101,39N110026538000E,352.1216
32230101,39N061059787000E,0.0
33390101,39N060006533000A,534.4344231599999
